"brood.year","ot.0","ot.1","ot.2","ot.0next","mwt.0","mwt.1","mwt.2","mwt.0next","centOutCal.0","centPrecipCal.0","MaxInflow.0","SumPRECIP.0","WYIndex.0","Daysover10k.0","Secchi","SalinSurf","TempSurf","totalNeomysis","totalMys","totalCopAd","mean.0","mean.1","mean.2","mean.0next","log.ot.0","log.ot.1","log.ot.2","log.ot.0next","log.mwt.0","log.mwt.1","log.mwt.2","log.mwt.0next","log.mean.0","log.mean.1","log.mean.2","log.mean.0next","log.ot.01","log.ot.02","log.ot.12","log.mwt.01","log.mwt.02","log.mwt.12","log.mean.01","log.mean.02","log.mean.12","DeltaOut.max","DeltaOut.month.max","DeltaOut.min","DeltaOut.month.min","DeltaOut.total.vol","DeltaOut.days.over.10k","DeltaOut.total.vol.1","X2.max","X2.month.max","X2.min","X2.month.min","X2.march","X2.march.1","X2.min.1","OceanT.maxmonthN","OceanT.maxmonth.meanN","OceanT.countN","OceanT.month.tempVarN","OceanT.maxmonthW","OceanT.maxmonth.meanW","OceanT.countW","OceanT.month.tempVarW","OceanT.maxAugN","OceanT.Aug.meanN","OceanT.Aug.countN","OceanT.Aug.tempVarN","OceanT.maxAugW","OceanT.Aug.meanW","OceanT.Aug.countW","OceanT.Aug.tempVarW","OceanT.Aug.meanN.1","OceanT.Aug.meanW.1","upwellAug.mean","upwellAug.max","upwellAug.min","upwellAug.mean.1","mean.ngpo.0","var.ngpo.0","mean.ngpo.1"
1980,128320.8,11836.55,1004.8,4139.01,190790.07,51371.79,2306.92,1958.59,61,26,339008,524768,9.04,265,71.9241192411924,14.9674659400545,15.6295081967213,45.51357141703,45.5135890146968,3469.23181718949,159555.435,31604.17,1655.86,3048.8,11.7622886574949,9.37894748084196,6.91254379571393,8.32821190778834,12.1589289926168,10.8468444680946,7.7436685805027,7.57998010558592,11.9801466956828,10.3610443528941,7.41207579030861,8.02250334955965,0.797374367688702,0.58768697121791,0.737027668598629,0.892088807713335,0.636870943584326,0.713909801443198,0.864851208927839,0.618696580149529,0.715379216404785,339852,11,1911,5,1191694809600,239,611028403200,85.6864466066254,5,47.215128105004,12,70.1077798393409,82.6458704117274,53.7756712012734,NA,NA,NA,NA,NA,NA,NA,NA,NA,NA,NA,NA,NA,NA,NA,NA,NA,NA,185.161290322581,314,26,131.387096774194,-0.749107275833333,0.403219870319557,-0.221840562241667
1981,4139.01,3069.6,917.15,257965.49,1958.59,9785.46,2865.15,299068.94,66,46,64268,367287,6.21,114,86.4574209245742,19.7133743842365,15.8737100737101,24.6829815533346,24.6829994872525,2191.93180732317,3048.8,6427.53,1891.15,278517.215,8.32821190778834,8.02930253893274,6.82127103576036,12.4605810952672,7.57998010558592,9.18865288945592,7.96037598379925,12.6084293943579,8.02250334955965,8.76834560657373,7.54494038862201,12.5372351497246,0.964108818055403,0.819055892343623,0.849547143439316,1.21222651794093,1.05018428451191,0.866326770590483,1.09296876853969,0.940472077090021,0.860474795036077,217288,9,110,1,611028403200,150,1844764848000,90.4850618654642,5,53.7756712012734,9,82.6458704117274,60.5120791258253,46.5850198327032,NA,NA,NA,NA,NA,NA,NA,NA,NA,NA,NA,NA,NA,NA,NA,NA,NA,NA,131.387096774194,329,5,69.3225806451613,-0.221840562241667,0.290695292397791,-0.686691380833333
1982,257965.49,142861.16,5766.62,23859.54,299068.94,296253.02,4081.8,33650.75,73,51,238395,832524,12.76,324,67.406779661017,12.4758765432099,14.7066666666667,63.4332325398698,63.4332325398698,2090.96865911989,278517.215,219557.09,4924.21,28755.145,12.4605810952672,11.8696285285136,8.65984139929947,10.0799394163378,12.6084293943579,12.5989691654723,8.31429334657907,10.423790623086,12.5372351497246,12.2993675687957,8.50191913464839,10.2665719867364,0.952574236928801,0.694978936623482,0.729579816124533,0.99924969014065,0.65942339735825,0.659918540745739,0.981027110197092,0.67813349858363,0.691248479817638,242388,11,9150,5,1844764848000,362,3090895804800,73.3723912544655,5,46.5850198327032,1,60.5120791258253,51.9206698547744,39.5375333647252,11,14.3875,720,0.144627963186883,9,14.2499999842368,484,0.63434781408219,8,11.5259757818476,743,1.2972354083273,8,12.4519572851921,562,0.833587987925758,14.3228070456007,15.2585399433273,69.3225806451613,208,10,72.0322580645161,-0.686691380833333,0.090269849382908,-0.09206469425
1983,23859.54,29399.22,1184.98,44329.01,33650.75,25462.78,2693.45,29218.17,80,39,422213,861245,15.29,365,60.9400479616307,10.5087529976019,15.7370192307692,12.4750390657285,12.4750557459584,1703.95552414213,28755.145,27431,1939.215,36773.59,10.0799394163378,10.2887234223626,7.07748117578967,10.6993945949835,10.423790623086,10.1449730570382,7.89857817874057,10.2825460550067,10.2665719867364,10.2194290397017,7.57003853099359,10.5125352034701,1.02071282350034,0.70213528905921,0.687887202838667,0.973251806743861,0.757745283299077,0.778570641275469,0.995408112162887,0.737348215234205,0.74074965456334,419680,12,21166,5,3090895804800,365,822591936000,64.9363298873156,5,39.5375333647252,12,51.9206698547744,77.5939393191683,44.7424145744012,9,15.7324061254467,719,0.64110715962758,9,16.719607874125,714,0.272181612389607,8,14.3228070456007,741,2.12884387612206,8,15.2585399433273,726,0.998320026288178,12.477093609683,14.2873983809618,72.0322580645161,201,-33,105.129032258065,-0.09206469425,0.266735097585007,0.620750036666667
1984,44329.01,12626.31,287.91,11786.91,29218.17,58525.27,2479.18,2894.55,21,-2,351622,432065,10,281,87.7404761904762,16.3098095238095,15.6519047619048,41.6867875602459,41.6867875602459,2938.07489268401,36773.59,35575.79,1383.545,7340.73,10.6993945949835,9.44353801113686,5.66264793129765,9.37474487266675,10.2825460550067,10.9772139057615,7.81568313932257,7.97058493751047,10.5125352034701,10.4794206293173,7.23240432489968,8.90119357170411,0.882623584661932,0.529249377712699,0.599632036702731,1.06755796152419,0.760092208438689,0.711991513185363,0.996849991604122,0.687979082582505,0.690153070549176,228366,10,2945,1,822591936000,266,235953129600,79.7380537415366,5,44.7424145744012,10,77.5939393191683,82.7476026000758,65.4756539649387,9,13.0841004239964,717,0.48200944086617,9,15.0573221948855,717,0.634544749601015,8,12.477093609683,406,1.97283203272255,8,14.2873983809618,738,0.441211413410605,12.5159244408653,14.6113360298146,105.129032258065,222,2,87.3225806451613,0.620750036666667,0.148751733088199,-0.393901047083333
1985,11786.91,2784.07,1284.11,12069.6,2894.55,12523.55,2286.52,24908.27,30,6,49820,373065,6.47,152,104.435714285714,20.7811666666667,15.042380952381,44.1996206531319,44.1996206531319,2243.08946872176,7340.73,7653.81,1785.315,18488.935,9.37474487266675,7.93166916481637,7.15782115036239,9.39844517352586,7.97058493751047,9.43536615078831,7.73478629005308,10.1229551558244,8.90119357170411,8.9429588420559,7.48735014923287,9.8249277240203,0.846067735447623,0.7635217008659,0.902435666645471,1.18377336478586,0.970416393614012,0.81976535583697,1.00469209775244,0.841162490054628,0.837234105788594,39516,11,365,7,235953129600,94,1311797030400,95.6023553227987,6,65.4756539649387,10,82.7476026000758,73.9182707650607,43.8863371964142,9,13.1647966392913,713,1.72461572591105,8,14.6113360298146,741,0.890790230618065,8,12.5159244408653,741,1.38401636512981,8,14.6113360298146,741,0.890790230618065,12.7904183520318,14.7877026751235,87.3225806451613,246,2,95.3548387096774,-0.393901047083333,0.621326619332292,-0.732847288333333
1986,12069.6,7173.65,2220.23,1983.61,24908.27,33470.82,4920.87,2872.32,73,39,661272,715982,9.96,181,60.6309523809524,15.6402619047619,15.4677804295943,96.9154110517094,96.9154110517094,2361.15481140262,18488.935,20322.235,3570.55,2427.965,9.39844517352586,8.87816986961466,7.70536607310345,7.59267369594125,10.1229551558244,10.4184292934571,8.50124062312219,7.96287534457411,9.8249277240203,9.91947088580143,8.18047492453206,7.79480873691898,0.944642406876326,0.819855404892759,0.867900275199159,1.0291885257896,0.839798309116373,0.815981025898124,1.0096227844557,0.832624437992778,0.824688636995897,629494,11,3212,5,1311797030400,192,237405168000,86.8731064618909,10,43.8863371964142,12,73.9182707650607,87.299311941335,68.6366530445149,NA,NA,NA,NA,NA,NA,NA,NA,NA,NA,NA,NA,NA,NA,NA,NA,NA,NA,95.3548387096774,205,2,101.870967741935,-0.732847288333333,0.104438702702829,0.429174729166667
1987,1983.61,4322.59,368.73,1093.89,2872.32,18360.04,1514.13,1723.95,51,42,44060,337650,5.86,92,72.9086651053864,20.9351756440281,16.1070257611241,17.782191053056,17.782191053056,1592.77590561365,2427.965,11341.315,941.43,1408.92,7.59267369594125,8.37161003862466,5.910064668895,6.99749542948052,7.96287534457411,9.81793184282134,7.32259629556878,7.45237344848288,7.79480873691898,9.33620753175806,6.84739999589077,7.25057873243012,1.10259052000349,0.778390446576717,0.705965118015212,1.23296314685012,0.919591978864567,0.745838982465834,1.19774683983437,0.878456448002252,0.73342414171907,43422,11,392,6,237405168000,75,189090201600,98.8244302991995,6,68.6366530445149,12,87.299311941335,88.1739433465544,71.4344427257949,NA,NA,NA,NA,NA,NA,NA,NA,NA,NA,NA,NA,NA,NA,NA,NA,NA,NA,101.870967741935,273,13,110.709677419355,0.429174729166667,0.0432771724685917,1.32363676333333
1988,1093.89,2178.78,316.56,970.61,1723.95,6594.53,1058.39,1136.67,61,26,42023,363733,4.65,48,58.5912698412698,22.5166865079365,15.4190476190476,13.4910802226847,13.4910802226847,943.490374582434,1408.92,4386.655,687.475,1053.64,6.99749542948052,7.6865203661026,5.75751279707717,6.87792473982346,7.45237344848288,8.79399579650118,6.96450416453238,7.03585821415647,7.25057873243012,8.38632225663319,6.53302546524319,6.96000611478055,1.09846736501166,0.822796221176609,0.749040205821568,1.18002618324118,0.934535046140258,0.791961279683953,1.15664177524522,0.901035035454827,0.779009590297567,37194,10,-478,11,189090201600,49,279613123200,102.930070146811,11,71.4344427257949,10,88.1739433465544,81.1821764561783,65.0222440582385,11,12.8428969569193,718,0.383540824881791,8,14.7877026751235,740,0.617372203758973,8,12.7904183520318,741,1.55778645355282,8,14.7877026751235,740,0.617372203758973,11.2404109386549,13.7337874703576,110.709677419355,253,6,128.612903225806,1.32363676333333,0.128954866905054,0.612240616666667
1989,970.61,385.69,160.54,680.6,1136.67,2776.18,540.74,744.53,92,64,77384,398132,6.13,69,45.5803571428571,21.6563582089552,14.569552238806,9.25645455363482,9.25645455363482,2264.38641548167,1053.64,1580.935,350.64,712.565,6.87792473982346,5.95503393799189,5.07854313270343,6.52297476206681,7.03585821415647,7.92883116102314,6.29293857182815,6.61275314681256,6.96000611478055,7.36577172314482,5.85976005611055,6.56887113605195,0.865818421000161,0.73838306245174,0.852815145234248,1.12691741642405,0.894409520528208,0.793677963879875,1.05829960515445,0.841918808615201,0.795539188066057,67929,12,-846,7,279613123200,65,168438873600,109.177365824078,10,65.0222440582385,12,81.1821764561783,84.2729335425987,77.7614227338776,9,15.1588234901428,102,0.139871901021787,9,15.3481847397958,303,0.218597685086287,8,11.2404109386549,292,1.47004524464859,8,13.7337874703576,734,1.19831103712391,12.8438263042973,14.1891891582592,128.612903225806,288,32,47.5161290322581,0.612240616666667,0.230881924417575,-0.201546121083333
1990,680.6,473.81,218.26,244.87,744.53,3851.65,86.01,131.1,78,42,38654,302101,4.81,36,52.2486772486772,22.9201340482574,16.9549597855228,5.05451243447362,5.05451243447362,1722.66912167394,712.565,2162.73,152.135,187.985,6.52297476206681,6.16080639745384,5.38568701268494,5.50072745747533,6.61275314681256,8.2562569068999,4.45446356856339,4.87596039076965,6.56887113605195,7.67912659153189,5.02476828456217,5.23636217241274,0.944478036812423,0.8256489115985,0.87418540126675,1.24853547737216,0.673617095583026,0.539525794654078,1.16901769459086,0.764936346061764,0.65434111870264,31820,10,100,6,168438873600,33,191101507200,98.0579742662645,7,77.7614227338776,10,84.2729335425987,88.2834674988243,69.9169309975659,NA,NA,NA,NA,NA,NA,NA,NA,NA,NA,NA,NA,NA,NA,NA,NA,NA,NA,47.5161290322581,191,-235,61.8387096774194,-0.201546121083333,0.297494776787205,-0.498914711166667
1991,244.87,447.5,0,620.22,131.1,1133.86,22.44,369.92,78,47,56926,422781,4.21,42,52.6739130434783,20.4540435835351,16.2067796610169,8.12034210151171,8.12034210151171,1438.36187768374,187.985,790.68,11.22,495.07,5.50072745747533,6.10367653771491,NA,6.43007425380845,4.87596039076965,7.03338301987616,3.1108450806545,5.91328676604396,5.23636217241274,6.67289333471373,2.41769790009455,6.20469916671207,1.10961260758705,NA,NA,1.44246106535044,0.637996380475818,0.442297123853959,1.27433762505375,0.461713269726062,0.362316281532211,58341,12,-1275,1,191101507200,41,236333289600,99.2101837500176,5,69.9169309975659,12,88.2834674988243,88.5920374890653,68.7530701062213,10,13.752291103579,742,0.776776117138496,8,14.1891891582592,740,0.575850404663367,8,12.8438263042973,737,0.378905443783097,8,14.1891891582592,740,0.575850404663367,12.2442935044351,14.8081632289757,61.8387096774194,247,-94,85.9354838709677,-0.498914711166667,0.111814026147398,-1.09491887
1992,620.22,53.33,479.06,7006.01,369.92,810.81,348.98,5085.67,68,26,57349,413633,4.06,49,67.3212560386473,20.7106467661692,17.4661691542289,2.28898924497338,2.29450000137517,3041.84979845497,495.07,432.07,414.02,6045.84,6.43007425380845,3.97649902461251,6.17182585052675,8.8545236311044,5.91328676604396,6.69803374799957,5.85501461397008,8.53418205988173,6.20469916671207,6.06858761215456,6.02591428183721,8.70712571121153,0.618421944701071,0.959837415076701,1.55207528339031,1.13270910290735,0.990145556205985,0.874139312259921,0.978063150057664,0.97118556757207,0.992968161120079,61442,11,785,10,236333289600,60,842192985600,91.9758864157754,4,68.7530701062213,11,88.5920374890653,64.7753969390685,54.0376172066422,NA,NA,NA,NA,NA,NA,NA,NA,NA,NA,NA,NA,NA,NA,NA,NA,NA,NA,85.9354838709677,198,18,97.9354838709677,-1.09491887,0.409537720621287,-1.90199258833333
1993,7006.01,4206.85,503.91,2847.2,5085.67,16515.5,NA,NA,83,34,143649,651226,8.54,215,62.1376811594203,15.0657673267327,16.7675742574257,9.69134200642501,10.2448530482108,2082.69516961445,6045.84,10361.175,NA,NA,8.8545236311044,8.34446942809392,6.22239768069702,7.95409133419598,8.53418205988173,9.71205461287371,NA,NA,8.70712571121153,9.24582092637067,NA,NA,0.942396200602058,0.702736583009257,0.745691231098244,1.13801821249268,NA,NA,1.06186831717216,NA,NA,150488,12,879,7,842192985600,223,242730259200,87.6265764879372,7,54.0376172066422,1,64.7753969390685,85.0585164263065,69.4502662777665,11,13.9937062857034,715,0.697509332988596,8,14.8081632289757,735,0.612440049684301,8,12.2442935044351,736,1.31169528439488,8,14.8081632289757,735,0.612440049684301,10.9619047735824,12.455000021651,97.9354838709677,337,1,120.967741935484,-1.90199258833333,0.415786317563041,-1.2115987825
1994,2847.2,791.02,247.85,152972.95,NA,NA,NA,555398.09,68,28,34770,398712,5.02,88,58.9782608695652,17.7775912408759,13.214598540146,0.345764318813662,7.39949808392283,1584.26876396531,NA,NA,NA,354185.52,7.95409133419598,6.67332325189807,5.51282372446658,11.9380163873585,NA,NA,NA,13.227440414886,NA,NA,NA,12.777576122637,0.838979962828479,0.693080264337175,0.826098709199886,NA,NA,NA,NA,NA,NA,36774,11,496,7,242730259200,76,1898916566400,91.1678370544576,7,69.4502662777665,11,85.0585164263065,55.4008418960822,44.5910423592878,10,12.8960382599648,732,1.96642753022894,9,13.6720733548421,709,0.664981690175012,8,10.9619047735824,735,0.86470486001566,8,12.455000021651,740,0.729974962443642,11.979178075921,NA,120.967741935484,248,8,125.612903225806,-1.2115987825,0.301992381658314,-1.03920854583333
1995,152972.95,4152.85,1075.27,11045.48,555398.09,NA,1788.75,666.34,92,38,387177,704260,12.89,268,81.8268292682927,11.9892786069652,16.6676616915423,0.279983905549717,3.33330976868412,972.616826782625,354185.52,NA,1432.01,5855.91,11.9380163873585,8.33155012450989,6.98032707181637,9.30977657348846,13.227440414886,NA,7.48927233087066,6.50180005078474,12.777576122637,NA,7.26683433073643,8.67520668667059,0.69790071098683,0.58471414725214,0.837818529265224,NA,0.566192104894483,NA,NA,0.568717749046503,NA,405822,12,2472,8,1898916566400,300,1248637248000,84.0747783535011,10,44.5910423592878,12,55.4008418960822,65.5457220931159,48.7203591957001,9,12.8288111773404,715,2.05575138818725,5,11.1623722049112,489,1.01526165272556,8,11.979178075921,730,0.615066586244833,8,NA,0,NA,11.2250684894928,12.820270287024,125.612903225806,253,13,129.161290322581,-1.03920854583333,0.462729616141257,-0.972836611666667
1996,11045.48,3705.82,89.03,10691.61,666.34,6862.79,1120.24,4585.34,74,34,207020,571251,10.26,233,73.3354700854701,15.6881718061674,17.1863436123348,0.510970943554138,5.02486305545094,896.287735928619,5855.91,5284.305,604.635,7638.475,9.30977657348846,8.21765983577908,4.48897339158558,9.27721460072374,6.50180005078474,8.83386934357701,7.02129822704752,8.43061953679401,8.67520668667059,8.57249638539956,6.40462497018355,8.94095325490653,0.882691412722039,0.482178423526175,0.546259334323006,1.35868056147171,1.07990066938464,0.794815720492019,0.988160477902061,0.738267709520308,0.747113172435013,225094,9,2578,7,1248637248000,231,1308842150400,86.17,7,48.7203591957001,12,65.5457220931159,76.6412903225806,42.64,10,12.4446601960266,515,1.66496656138067,9,13.802932987,716,0.502187245771843,8,11.2250684894928,730,0.637299395574856,8,12.820270287024,740,0.661049993266279,12.470041045412,13.7558936238742,129.161290322581,300,13,64.8709677419355,-0.972836611666667,0.0693030447419332,-0.657690615833333
1997,10691.61,196.66,600.37,20605.12,4585.34,6240.38,894.97,62852.83,34,2,561889,503152,10.82,201,65.4236947791165,16.378275862069,17.6312373225152,0.277935300881285,10.722976184055,968.16743255088,7638.475,3218.52,747.67,41728.975,9.27721460072374,5.28147634935201,6.39754613182206,9.93329486758513,8.43061953679401,8.7387963569452,6.79679019815999,11.0485512408487,8.94095325490653,8.07667690554824,6.61696170415692,10.6389510106192,0.569295481096232,0.689597730263022,1.21131776583776,1.03655446895761,0.806202933069931,0.777771894496456,0.903335100327921,0.740073403305819,0.819267847598487,567086,10,2329,6,1308842150400,190,2006044272000,87.22,7,42.64,11,76.6412903225806,53.3283870967742,44.21,NA,NA,NA,NA,NA,NA,NA,NA,NA,NA,NA,NA,NA,NA,NA,NA,NA,NA,64.8709677419355,315,-13,158.741935483871,-0.657690615833333,0.26582658642885,0.544553282666667
1998,20605.12,6827.41,240.42,57979.8,62852.83,17545.61,1168.16,59040.32,90,34,308013,717489,13.31,302,61.3530465949821,11.4731707317073,15.6914634146341,0.236210797476919,11.9166908046957,1415.13368549756,41728.975,12186.51,704.29,58510.06,9.93329486758513,8.82870067127636,5.48238739387611,10.9678499530044,11.0485512408487,9.77255905515303,7.06318514030778,10.9859758793139,10.6389510106192,9.40808488123747,6.55719020315561,10.9769539842475,0.888798811367883,0.551920331265564,0.620973300376206,0.88451045228644,0.639286091573142,0.722756966772525,0.884305686890265,0.616338039023829,0.696973962919127,311298,11,3747,10,2006044272000,348,827306956800,78.34,10,44.21,11,53.3283870967742,70.0712903225806,50.94,9,13.1493653000158,709,0.443181075496866,9,14.3635210574513,710,0.494450105950816,8,12.470041045412,731,0.553909430437351,8,13.7558936238742,263,0.111635044232415,12.0975069207168,13.2208955381748,158.741935483871,315,43,112.612903225806,0.544553282666667,0.258000770157272,1.51578051666667
1999,57979.8,1841.49,1162.85,16079.18,59040.32,12132.09,1154.12,12325.77,58,26,141418,369909,9.8,276,67.7519230769231,13.6696281800391,15.4526418786693,0.185984625599599,12.7319101383969,1345.17784021702,58510.06,6986.79,1158.485,14202.475,10.9678499530044,7.51833030551469,7.05862916741626,9.68528054640779,10.9859758793139,9.40360928717858,7.05109342779704,9.41944747160446,10.9769539842475,8.85177650228282,7.05486839601131,9.56117152417626,0.685488070837004,0.643574556331593,0.938855953460673,0.855964858332266,0.641826771263348,0.749828412948942,0.806396429736846,0.642698184408482,0.797000285105696,143179,11,1521,7,827306956800,213,778808563200,87.46,7,50.94,12,70.0712903225806,73.4487096774194,49.65,9,13.4487805017611,82,11.4938874313898,10,14.1077465124533,710,0.191858093153656,8,12.0975069207168,722,0.983738594137174,8,13.2208955381748,737,0.638937759766941,10.7359353729084,12.5526386836546,112.612903225806,294,5,160.258064516129,1.51578051666667,0.148298734135951,1.88586129166667
2000,16079.18,15507.11,1604.28,812,12325.77,10706.86,1899.74,2107.41,76,41,168766,481950,8.94,171,69.0464743589744,15.6445950704225,15.106976744186,0.508665642631232,17.5833735122731,1586.89782520151,14202.475,13106.985,1752.01,1459.705,9.68528054640779,9.64905390740964,7.38043033678303,6.69950034016168,9.41944747160446,9.27863993651474,7.54947231368553,7.65321498433781,9.56117152417626,9.48090057319225,7.4685189792426,7.28598963949204,0.996259619034826,0.7620254572306,0.764886423850892,0.985051401845576,0.801477192419609,0.81363996936401,0.991604485833035,0.781130111551477,0.787743624309302,163895,11,1657,6,778808563200,162,359048160000,88.08,7,49.65,12,73.4487096774194,78.5270967741936,65.14,9,13.5941585439966,719,1.71074575152385,9,14.5146648058012,716,0.86634407754327,8,10.7359353729084,743,0.61047241415011,8,12.5526386836546,739,0.674583163788299,11.4939188738127,12.8898648674424,160.258064516129,378,13,136.838709677419,1.88586129166667,0.133611605378224,2.080693375
2001,812,1069.76,1291.73,18132.41,2107.41,2471.51,185.64,1172.55,77,32,57684,385104,5.76,104,72.7972027972028,17.704711033275,15.8740805604203,0.302887112616047,7.00444580572165,889.1876399917,1459.705,1770.635,738.685,9652.48,6.69950034016168,6.97518960323173,7.16373768417536,9.80545622376185,7.65321498433781,7.81258457886466,5.22380931437297,7.06693614333445,7.28598963949204,7.47909351829209,6.60487157838565,9.17497015613417,1.04115072006451,1.06929432352301,1.02703124813357,1.02082387530639,0.682564036821574,0.668640353475969,1.0265034522906,0.906516740373257,0.883111243659636,56518,12,1969,5,359048160000,139,409025980800,89.49,5,65.14,12,78.5270967741936,77.3738709677419,61.32,11,11.9448468160496,718,0.388111515080731,10,13.3672947312428,743,0.271125689595228,8,11.4939188738127,740,1.42533509280761,8,12.8898648674424,740,1.70269823600171,11.6973647767066,13.600942109828,136.838709677419,364,-10,156.387096774194,2.080693375,0.265645202366335,1.47359396
2002,18132.41,6338.84,885.86,4006.87,1172.55,2557.63,485.52,230.37,58,12,108391,382237,6.35,164,67.6101398601399,16.3929518072289,16.8901606425703,0.349336824592716,9.45286237655038,1411.20520399646,9652.48,4448.235,685.69,2118.62,9.80545622376185,8.75445106539139,6.78655892457561,8.29576566688549,7.06693614333445,7.84683632742348,6.1852204815276,5.43968671201056,9.17497015613417,8.40026266726863,6.53042563054682,7.65852021231419,0.892814252148357,0.692120669319754,0.775212388976006,1.11035902522264,0.875233673557602,0.788243850570862,0.915562941820842,0.711765326689453,0.777407313225147,105892,10,1789,5,409025980800,148,597968179200,88.35,6,61.32,10,77.3738709677419,69.6096774193548,59.94,9,13.1793055534363,720,1.81441112815018,10,13.9628450227644,471,0.319318716857371,8,11.6973647767066,721,0.942229166919007,8,13.600942109828,743,1.06076729872243,12.9212949739086,14.4374158751435,156.387096774194,296,29,104.645161290323,1.47359396,0.362929508108892,0.958507189166667
2003,4006.87,4322.92,593.28,3529.1,230.37,2030.22,544.71,1307.1,73,28,93766,372492,8.21,201,74.3766025641026,15.1580707395498,16.2154340836013,0.363372370245715,7.36481760920596,1494.96302715952,2118.62,3176.57,568.995,2418.1,8.29576566688549,8.37168637882904,6.38566646293744,8.16879815991307,5.43968671201056,7.61589944054799,6.30025354295068,7.17556622179151,7.65852021231419,8.06355727729677,6.3438716467415,7.79073738681255,1.00915174258678,0.769750101359219,0.762769431865723,1.40006214397099,1.15820154293813,0.827250095951551,1.05288711836672,0.828341699293441,0.78673362494775,82979,10,1223,6,597968179200,209,632210659200,89.47,6,59.94,10,69.6096774193548,81.1038709677419,54.07,8,12.9212949739086,695,3.0099781941516,9,14.6182328166667,713,0.988683964873004,8,12.9212949739086,695,3.0099781941516,8,14.4374158751435,743,1.17932595993495,12.8543242995803,14.7528936866154,104.645161290323,213,6,61.9677419354839,0.958507189166667,0.296095481866654,0.209460249333333
2004,3529.1,4074.37,284.66,8459.09,1307.1,3487.35,91.12,617.27,65,17,186184,379953,7.51,184,71.1201923076923,16.4806617647059,16.3312611012433,0.155619262108278,6.19934533011802,1491.19776105004,2418.1,3780.86,187.89,4538.18,8.16879815991307,8.31247141249597,5.65129548564248,9.04299688180292,7.17556622179151,8.15689741445194,4.51217731913893,6.42530652948246,7.79073738681255,8.23770677596394,5.23585668520543,8.42028132960383,1.0175880527062,0.691814802497534,0.679857434113638,1.13676010538098,0.62882526335495,0.553173233629799,1.0573718978011,0.672061760683682,0.635596389578064,179947,11,-28982,3,632210659200,178,738556963200,86.79,6,54.07,12,81.1038709677419,61.4241935483871,58.09,11,13.5447844079539,719,0.327128042735398,8,14.7528936866154,743,0.757077168279676,8,12.8543242995803,740,1.62424378094585,8,14.7528936866154,743,0.757077168279676,13.1127688269461,14.3530364223176,61.9677419354839,157,3,116.161290322581,0.209460249333333,0.249604196911547,-1.38061641
2005,8459.09,1378.63,814.91,21516.78,617.27,1341.94,78.92,2779.75,92,23,96839,549000,8.49,216,76.3445512820513,14.7386451612903,15.881935483871,0.159138567227827,5.06481777752617,1229.60628711525,4538.18,1360.285,446.915,12148.265,9.04299688180292,7.2288455314218,6.70307767769523,9.97658837482751,6.42530652948246,7.20187160714316,4.36843468115441,7.93011627458336,8.42028132960383,7.21544951559924,6.10236841993196,9.40494164021813,0.799386047115453,0.741245160792185,0.927268074626688,1.12086039383451,0.679879576345485,0.606569364111072,0.856913116457443,0.724722628741321,0.845736416939667,235781,9,1988,7,738556963200,209,1718810064000,87.33,8,58.09,2,61.4241935483871,57.3674193548387,44.15,8,13.1127688269461,744,0.308679267337687,8,14.3530364223176,741,0.200602271332933,8,13.1127688269461,744,0.308679267337687,8,14.3530364223176,741,0.200602271332933,13.0194070152838,14.7421832868674,116.161290322581,272,36,139.548387096774,-1.38061641,0.097204662700593,-0.5538727425
2006,21516.78,5155.94,177.52,3636.46,2779.75,1350.89,229.57,441.29,78,45,364182,534092,13.2,213,78.7255216693419,11.7482046332046,14.6621621621622,0.405082450665927,5.49875748972282,1839.85917774704,12148.265,3253.415,203.545,2038.875,9.97658837482751,8.54790472706352,5.17908327862434,8.19876595994658,7.93011627458336,7.20851891347581,5.43620799388748,6.08970225569698,9.40494164021813,8.08746049288298,5.3158871106581,7.62015346413419,0.856796372257997,0.519123680765659,0.605889214257015,0.909005450094052,0.685514285750255,0.754136606858987,0.859916074151781,0.565222764161119,0.65729991699324,368424,10,1873,7,1718810064000,206,262031414400,87.76,7,44.15,1,57.3674193548387,78.6364516129032,69.02,10,14.2184532118944,737,0.207512263440989,10,14.8800538942178,742,0.149912010513288,8,13.0194070152838,742,0.899083036833,8,14.7421832868674,742,0.377826812846463,11.8707482980222,13.5989145281519,139.548387096774,271,12,86.8709677419355,-0.5538727425,0.122767504836792,0.59326066
2007,3636.46,343.41,469.5,6154.84,441.29,217.58,75.23,1207.31,81,28,45346,240681,6.19,85,71.3076923076923,18.0239495798319,15.1900840336134,0.157400828897251,2.5046225433452,1444.9685582657,2038.875,280.495,272.365,3681.075,8.19876595994658,5.83892506859849,6.15166829864832,8.72499404315476,6.08970225569698,5.38256659899294,4.32055008757213,7.09615002324945,7.62015346413419,5.63655589949194,5.60714307850177,8.21096010806958,0.712171209316546,0.750316368182852,1.0535617817279,0.883880093473781,0.709484619470552,0.802693289179272,0.73969060151105,0.735830728986356,0.994781774275881,46754,11,857,6,262031414400,81,295998192000,89.35,8,69.02,12,78.6364516129032,79.4990322580645,66.7,9,12.5987412792819,715,0.59043258846178,9,14.0886871654894,716,1.48838938710906,8,11.8707482980222,735,1.27534205554781,8,13.5989145281519,737,1.3891292771678,12.1681451669303,13.4450608770967,86.8709677419355,271,-6,124.58064516129,0.59326066,0.463008893725873,1.45498640833333
2008,6154.84,10317.02,279.8,970.81,1207.31,3485.07,114.39,322.55,70,4,50593,302583,5.16,98,73.4350180505415,18.1554379562044,15.3162112932605,0.604361425833285,7.92613179513506,1695.35302345257,3681.075,6901.045,197.095,646.68,8.72499404315476,9.24155023764652,5.63407506223138,6.87813077458225,7.09615002324945,8.15624340907612,4.73961366253758,5.77625816297825,8.21096010806958,8.83942812839343,5.28368584600332,6.47185158173341,1.05920418878647,0.645739703014654,0.609646100205172,1.14938993430993,0.667913396279526,0.58110252782101,1.07654013806573,0.643491842179407,0.597740687435583,50477,10,1130,7,295998192000,99,301530729600,91.13,7,66.7,11,79.4990322580645,76.7096774193548,65.69,9,14.0769444425901,720,0.874126968647228,9,14.8727272860654,715,0.504171097383712,8,12.1681451669303,744,1.6234119296705,8,13.4450608770967,739,1.53640855487042,12.2349056490669,14.0668928167066,124.58064516129,394,-3,91.4193548387097,1.45498640833333,0.316149437893393,0.736277515
2009,970.81,1373.23,503.3,628.31,322.55,598.91,106.16,867.1,87,33,55020,333518,5.78,120,74.0945512820513,17.3470402802102,15.6570928196147,0.179821438308465,2.1908017942981,1508.94875273681,646.68,986.07,304.73,747.705,6.87813077458225,7.22492090812614,6.22118641378231,6.44303367524595,5.77625816297825,6.39511133640936,4.66494739002395,6.76515431038311,6.47185158173341,6.89372734599749,5.71942613864422,6.61700851515751,1.0504192410568,0.904487951402779,0.861073289644612,1.1071373813237,0.807607149542412,0.729455226754998,1.06518625449552,0.883738767246628,0.829656563363349,53794,12,2039,6,301530729600,119,558305654400,88.23,6,65.69,12,76.7096774193548,69.451935483871,61.38,9,12.6922005491336,718,1.35293767524478,8,14.0668928167066,737,1.18996217906255,8,12.2349056490669,742,1.06178941939947,8,14.0668928167066,737,1.18996217906255,11.8497981203677,13.1157469832881,91.4193548387097,231,2,116.903225806452,0.736277515,0.0854980447625172,1.3701422925
2010,628.31,7134.49,359.9,14261.46,867.1,950.38,1105.61,1404.45,85,32,69238,397711,7.08,157,76.1778846153846,16.0043922204214,15.4894651539708,0.164904397755854,7.10042409163739,1475.0888373308,747.705,4042.435,732.755,7832.955,6.44303367524595,8.87269604872973,5.88582621508499,9.5653160730191,6.76515431038311,6.85686190461591,7.00815249783502,7.24740104605301,6.61700851515751,8.30460251216305,6.59681140317741,8.96609511242542,1.37709912689398,0.913517841401054,0.663363895568995,1.01355587618926,1.03591909013501,1.02206411552743,1.25503881295298,0.996947697447595,0.794356068639723,89710,9,2295,7,558305654400,189,1079261452800,87.7,6,61.38,9,69.451935483871,58.7251612903226,49.59,10,12.0002721124766,735,0.398283302157932,8,13.1157469832881,743,0.403403992313559,8,11.8497981203677,743,0.384282314588258,8,13.1157469832881,743,0.403403992313559,10.8524899116917,12.5270161346723,116.903225806452,292,23,146.903225806452,1.3701422925,0.172995678399031,0.857256779166667
2011,14261.46,839.91,277,2170.18,1404.45,5353.03,324,397.52,90,33,213620,466475,10.54,281,89.2937399678973,12.8971031096563,15.143535188216,0.426297398144442,2.93726235415209,2163.20198084248,7832.955,3096.47,300.5,1283.85,9.5653160730191,6.73329474324001,5.62401750618734,7.68256539240316,7.24740104605301,8.5854180347117,5.78074351579233,5.98524524729407,8.96609511242542,8.03801803197336,5.70544775397526,7.15761865499573,0.703928097288141,0.587959400740663,0.835254911695891,1.18462024940477,0.797629864700335,0.673321146672208,0.896490381953911,0.636335849936336,0.709807782376243,218625,12,3317,8,1079261452800,268,441320745600,82.86,9,49.59,1,58.7251612903226,77.9322580645161,62.96,NA,NA,NA,NA,NA,NA,NA,NA,NA,NA,NA,NA,NA,NA,NA,NA,NA,NA,146.903225806452,326,53,160,0.857256779166667,0.189987573504281,1.47688079083333
2012,2170.18,574,63.09,15545,397.52,647,0,1445,81,48,51096,244120,6.89,133,77.7323717948718,16.7516398713826,15.729421221865,0.246037868953811,5.80392695743572,1696.64325510907,1283.85,610.5,31.545,8495,7.68256539240316,6.35262939631957,4.14456227838272,9.65149432249285,5.98524524729407,6.4723462945009,NA,7.27586460054653,7.15761865499573,6.41427829355076,3.45141509782277,9.04723303410603,0.826889075698765,0.539476342431271,0.652416821416325,1.08138364044933,NA,NA,0.896146973277747,0.482201590247313,0.538083154466965,89080,9,1585,5,441320745600,140,280597132800,88.51,6,62.96,9,77.9322580645161,78.3138709677419,62.56,11,12.9387726723898,717,0.451651028343269,10,13.7967213086092,732,0.268716996731466,8,10.8524899116917,743,0.475866429715225,8,12.5270161346723,744,0.668327023319459,11.6396174795641,13.9746621589403,160,368,18,83.1935483870968,1.47688079083333,0.16533264228939,0.343828793333333
2013,15545,518.65,195.73,1228.42,1445,615.48,43.64,1193.73,53,7,88648,296852,5.83,136,78.2612179487179,17.6839807383628,15.9545746388443,0.334324509160459,6.25239869018098,1171.15978318757,8495,567.065,119.685,1211.075,9.65149432249285,6.25122928187784,5.27673615851443,7.11348406977571,7.27586460054653,6.42240245118918,3.77597416096487,7.08483813772789,9.04723303410603,6.34047393560524,4.78486329142835,7.09926367392273,0.647695483517958,0.546727375284983,0.844111761155772,0.882699555831035,0.518972571408384,0.587937954630312,0.700819124665307,0.528875875462752,0.754653885501953,45358,10,2991,7,280597132800,106,264368448000,87.24,8,62.56,10,78.3138709677419,84.9532258064516,66.75,9,11.9213483105885,712,1.79301754618432,8,13.9746621589403,296,0.49938976522052,8,11.6396174795641,732,1.2274570335628,8,13.9746621589403,296,0.49938976522052,14.8462365404252,17.5835616751893,83.1935483870968,274,-2,133.129032258065,0.343828793333333,0.625825711476729,-0.249174041666667
2014,1228.42,692.61,NA,536.19,1193.73,402.93,NA,230.83,78,59,30030,226938,4.07,36,88.9718804920914,19.0735815602837,16.4725177304965,0.474498067025741,4.20230009510888,1533.35390219675,1211.075,547.77,NA,383.51,7.11348406977571,6.54046707021234,NA,6.2844885758704,7.08483813772789,5.99876284958909,NA,5.44168150885591,7.09926367392273,6.30585549081675,NA,5.94936569608664,0.9194463649679,NA,NA,0.846704290623766,NA,NA,0.888240778262631,NA,NA,59127,9,1620,6,264368448000,61,207436377600,90.32,6,66.75,9,84.9532258064516,84.0422580645161,67.54,9,16.6212500108613,720,1.40718344074252,8,17.5835616751893,73,0.0672259796993512,8,14.8462365404252,744,1.96197768127891,8,17.5835616751893,73,0.0672259796993512,15.1068548425551,16.8798649272403,133.129032258065,307,27,78.5161290322581,-0.249174041666667,0.146640012639405,-1.394540915
2015,536.19,NA,NA,NA,230.83,NA,NA,NA,57,10,61830,248714,4.01,55,81.3322632423756,18.7448371335505,16.864332247557,0.630047679176484,8.34104028628214,1611.74745199075,383.51,NA,NA,NA,6.2844885758704,NA,NA,NA,5.44168150885591,NA,NA,NA,5.94936569608664,NA,NA,NA,NA,NA,NA,NA,NA,NA,NA,NA,NA,43584,11,2310,8,207436377600,35,446300668800,87.01,8,67.54,10,84.0422580645161,77.37,58.71,10,15.9424731372505,744,0.949875958958383,8,16.8798649272403,740,0.372246251421595,8,15.1068548425551,744,1.18720729422313,8,16.8798649272403,740,0.372246251421595,13.0417456127901,14.1576294405259,78.5161290322581,221,-4,141.677419354839,-1.394540915,0.257013107632757,-0.18571019
2016,NA,NA,NA,NA,NA,NA,NA,NA,81,32,169451,363323,6.71,154,75.8718861209964,15.4024548736462,16.7425992779783,2.22211845206901,13.7221238643852,2148.02856972624,NA,NA,NA,NA,NA,NA,NA,NA,NA,NA,NA,NA,NA,NA,NA,NA,NA,NA,NA,NA,NA,NA,NA,NA,NA,164899,12,3427,6,446300668800,144,NA,84.99,6,58.71,12,77.37,NA,NA,11,14.6007710398915,4280,0.341525442067993,11,14.5196861860245,701,0.544297605518802,8,13.0417456127901,4434,1.85084206271394,8,14.1576294405259,734,0.625910308956556,13.2262103233861,14.7132253852772,141.677419354839,292,27,137.161290322581,-0.18571019,0.660193856096951,-0.86259431
2017,NA,NA,NA,NA,NA,NA,NA,NA,NA,NA,NA,NA,NA,NA,77.4321705426357,11.1897249508841,15.1133595284872,1.22515803183167,13.8916294618428,3549.08436507975,NA,NA,NA,NA,NA,NA,NA,NA,NA,NA,NA,NA,NA,NA,NA,NA,NA,NA,NA,NA,NA,NA,NA,NA,NA,NA,NA,NA,NA,NA,NA,NA,NA,NA,NA,NA,NA,NA,NA,9,14.4841125973659,4299,0.66176475949389,9,15.5551389151149,720,1.27655214077449,8,13.2262103233861,4441,1.22316871891858,8,14.7132253852772,741,1.1049870114236,11.7953651397174,12.8987573581856,137.161290322581,314,35,129.645161290323,-0.86259431,0.626352032727908,NA
